{
	"$schema": "https://raw.githubusercontent.com/vanessa-opensource/vanessa-runner/develop/xunit-schema.json",
	"ДелатьЛогВыполненияСценариевВТекстовыйФайл": true,
	"ИмяФайлаЛогВыполненияСценариев": "$workspaceRoot/build/log-xunit.txt",
	"Отладка": false,
	"ДобавлятьИмяПользователяВПредставлениеТеста": true,

    "МодальныеОкна": {
        "ШаблонПомощника":{
            "Заголовки" : [
                "Демо: Шаблон *"
            ],
            "Поля" : [
                "Закрыть *?"
            ],
            "Кнопка": 0
        }
    },

	"smoke": {
		"СтрогийПорядокВыполнения": true,
		"ОткрываемФормыНаКлиентеТестирования": true,
		"СпособГруппировки": "ПоВидуМетаданных",
		"ВыводитьСообщенияВЖурналРегистрации": true,
		"ИсключитьФормыЗависящиеОтОтключенныхФункциональныхОпций": true,
		"КоличествоВГруппе": 1,
		"Справочники": {
            "Подчиненные": {
            },
            "ЗначенияРеквизитовНовых": {
                "СправочникСОбязательнымРеквизитом": {
                    "ОбязательныйРеквизит": "Привет, Мир!"
                }
            },
            "Списки": [
                "ВариантыОтчетов"
            ],
            "Существующие": [
                "ВариантыОтчетов"
            ],
            "Новые": [
            ],

            "Отчеты": [

            ],
            "Документы": {

            },
            "БизнесПроцессы": {

            },
            "Обработки": [

            ],
            "ПропускаемыеИсключения": [
                "Обработка не предназначена для непосредственного использования"
            ]
    },

	"smokeInputBasedOn": {
        "Исключения": {
            "ДокументыПроведенные": [
                "ЧтоОткрываем/ДокументОснование",
                "Встреча/"
            ],
            "ДокументыНеПроведенные": [
                "Встреча/"
            ]
        }
    },

    "SmokeCommonModules": {
        "Subsystems": [
         ],
         "ExcludedCommonModules": [
			 "_ДемоЗаметки"
		]
    },

    "CommandInterface": {
        "СтрогийПорядокВыполнения": true
        ,
        "ОбщиеКоманды":
          [
            "ЗагрузитьДанныеИзФайла"
          ],
        "Справочники": [
            "ВариантыОтчетов"
        ],
        "Документы": [

        ],
        "Отчеты": [

        ],
        "Обработки": [

        ],
        "БизнесПроцессы": [

        ]
    },

    "ПроверкаЧтенияНеАдминистраторами": [
        "ПолныеПрава",
        "АдминистраторСистемы"
    ]

    }
}